repositoryName,mcrTags
SimpleAmazonGlacierUploader/SAGU,"[matching,testing]"
theborakompanioni/thymeleaf-extras-shiro,"[matching,testing]"
tabulapdf/tabula-java,"[encryption,github]"
hyperledger/fabric-gateway-java,"[cloud,ibm,mock,mocking,testing]"
desktopqa/Cynthia,"[api,framework,javax,mail,mvc,servlet,specs,spring,standard,testing,web]"
AlibabaTech/fastjson,"[codehaus,mapping]"
javaswift/joss,"[junit,testing]"
wesabe/grendel,"[date,time]"
FenixEdu/fenixedu-academic,"[annotations,collections,date,html,io,json,metadata,parser,structures,time]"
vmware/vsphere-automation-sdk-java,"[annotations,apache,commons,json,metadata]"
yakaz/elasticsearch-action-updatebyquery,"[matching,testing]"
EhsanTang/ApiManager,"[annotations,framework,javax,json,mail,metadata,mvc,specs,spring,standard,testing,web]"
jexp/batch-import,"[mock,mocking,testing]"
voodoodyne/subethasmtp,"[javax,mail,specs,standard]"
RojerAlone/shop,"[apache,commons,framework,mail,mvc,spring,testing,web]"
gitlab4j/gitlab4j-api,"[matching,mock,mocking,testing]"
arturmkrtchyan/iban4j,"[benchmark,junit,performance,testing]"
intive-FDV/DynamicJasper,"[api,collections,javax,servlet,specs,spring,standard,structures,testing]"
graphaware/neo4j-timetree,"[date,time]"
SomMeri/less4j,"[compiler,parser,runtime]"
noear/solon,"[amazon,apache,aws,bridge,cache,client,commons,config,framework,http,jetty,jsp,kafka,logging,mvc,netty,network,persistence,plugin,s3,sdk,serialization,server,slf4j,socket,spring,starter,streaming,web,webserver,websocket]"
eBay/parallec,"[annotations,apache,commons,json,metadata,mock,mocking,network,ssh,testing]"
garbagemule/MobArena,"[matching,mock,mocking,testing]"
arangodb/arangodb-java-driver,"[matching,testing]"
keedio/flume-ng-sql-source,"[mock,mocking,testing]"
coinbase/coinbase-java,"[date,time]"
eclipsesource/J2V8,"[mock,mocking,testing]"
rrd4j/rrd4j,"[apache,bridge,logging,slf4j]"
SeleniumHQ/fluent-selenium,"[matching,mock,mocking,testing]"
romankh3/image-comparison,"[mock,mocking,testing]"
sensepost/mallet,"[language,python,runtime,swing,ui]"
MarkusBernhardt/proxy-vole,[config]
Hello-hao/Tbed,"[github,sdk,spring,starter,testing]"
alibaba/spring-context-support,"[spring,testing]"
hyperledger/fabric-sdk-java,"[mock,mocking,testing]"
microsoft/Git-Credential-Manager-for-Mac-and-Linux,"[mock,mocking,testing]"
elennick/retry4j,"[mock,mocking,testing]"
gnuhpc/Kafka-zk-restapi,"[apache,api,commons,date,io,swagger,time,ui]"
mjuhasz/BDSup2Sub,"[junit,swing,testing,ui]"
f-lab-edu/food-delivery,"[apache,commons]"
jhalterman/concurrentunit,"[matching,testing]"
leonchen83/redis-rdb-cli,"[apache,bridge,logging,slf4j]"
rabbitmq/rabbitmq-perf-test,"[apache,commons,mock,mocking,testing]"
Col-E/Recaf,"[command-line,shell]"
logfellow/logstash-logback-encoder,"[mock,mocking,testing]"
gabrie-allaigre/sonar-gitlab-plugin,"[apache,commons,mock,mocking,sonar,testing]"
bpodgursky/jbool_expressions,"[compiler,parser,runtime]"
pinterest/secor,"[amazon,annotations,aws,json,metadata,mock,mocking,s3,sdk,testing]"
michaellavelle/spring-data-dynamodb,"[apache,commons,mock,mocking,testing]"
JSQLParser/JSqlParser,"[apache,commons,matching,mock,mocking,testing]"
ozlerhakan/mongolastic,"[apache,bridge,logging,slf4j]"
NemProject/nem.core,[encryption]
forcedotcom/wsc,"[annotations,json,metadata]"
damianszczepanik/cucumber-reporting,"[apache,collections,commons,date,structures,time]"
psal/jstylo,"[ai,apache,machine-learning,spark]"
alibaba/compileflow,"[apache,commons,expression,language,mock,mocking,spring,testing]"
aliyun/aliyun-log-logback-appender,"[date,logging,producer,time]"
cobbzilla/s3s3mirror,"[amazon,apache,aws,commons,date,mock,mocking,s3,sdk,testing,time]"
sbtourist/Journal.IO,"[benchmark,junit,performance,testing]"
phybros/servertap,"[mock,mocking,testing]"
MyRobotLab/myrobotlab,"[annotations,apache,api,client,commons,deep-learning,github,io,javax,json,language,machine-learning,mail,metadata,python,runtime,specs,standard,swing,ui]"
dice-group/AGDISTIS,"[apache,commons,github,nlp]"
blinkfox/fenix,"[expression,language,spring,testing]"
reinert/JJSchema,"[annotations,json,metadata]"
caelum/mamute,"[apache,collections,commons,date,javax,mail,matching,mock,mocking,specs,standard,structures,testing,time]"
Slimefun/Slimefun4,"[mock,mocking,testing]"
ahus1/prometheus-hystrix,"[apache,bridge,logging,slf4j]"
CodeStory/fluent-http,"[annotations,apache,assets,bootstrap,classpath,commons,github,io,json,metadata,mock,mocking,scanning,testing,web]"
jenkinsci/gerrit-trigger-plugin,"[apache,commons]"
cheese10yun/spring-guide,"[api,io,swagger,ui]"
yindz/common-random,"[apache,commons]"
ESAPI/esapi-java-legacy,"[encryption,mock,mocking,testing]"
everitoken/evt4j,"[apache,commons,date,time]"
hantsy/angularjs-springmvc-sample-boot,"[annotations,api,io,json,metadata,swagger,ui]"
kafka-ops/julie,"[annotations,json,metadata,mock,mocking,testing]"
IQSS/dataverse,"[apache,api,commons,config,google,mock,mocking,platform,service,testing]"
VisualDataWeb/OWL2VOWL,"[apache,bridge,commons,logging,matching,slf4j,testing]"
nurkiewicz/spring-data-jdbc-repository,"[spring,testing]"
spring-cloud/spring-cloud-deployer-kubernetes,"[mock,mocking,testing]"
sladkoff/minecraft-prometheus-exporter,"[mock,mocking,testing]"
luoye663/e5,"[apache,commons]"
Nilhcem/FakeSMTP,"[apache,commons,layout,mail,swing,ui]"
SERG-Delft/jpacman-framework,"[mock,mocking,testing]"
apache/commons-dbcp,"[apache,commons,mock,mocking,testing]"
sanger-pathogens/Artemis,"[mock,mocking,testing]"
frohoff/ysoserial,"[apache,collections,interface,jboss,language,mock,mocking,python,runtime,structures,testing,wicket]"
oskopek/javaanpr,"[mock,mocking,testing]"
ua-parser/uap-java,"[matching,testing]"
apache/commons-fileupload,"[api,javax,servlet,specs,standard]"
confluentinc/kafka-streams-examples,"[mock,mocking,testing]"
jlinn/quartz-redis-jobstore,"[annotations,json,matching,metadata,testing]"
huaban/jieba-analysis,"[apache,commons]"
andrew-hoffman/halfnes,"[mock,mocking,testing]"
mewna/catnip,"[apache,commons,encryption,mock,mocking,testing]"
awslabs/aws-codebuild-jenkins-plugin,"[date,mock,mocking,reflection,testing,time]"
jenkinsci/kubernetes-cd-plugin,"[annotations,date,json,metadata,mock,mocking,testing,time]"
bonitasoft/bonita-engine,"[client,engine]"
typetools/checker-framework,"[apache,api,commons,javax,servlet,specs,standard]"
apache/commons-csv,"[apache,commons,mock,mocking,testing]"
scify/JedAIToolkit,"[apache,commons]"
chewiebug/GCViewer,"[mock,mocking,testing]"
jenkinsci/kubernetes-plugin,"[agent,apache,commons,date,jenkins,kubernetes,network,plugin,ssh,time]"
Lihuanghe/SMSGate,"[apache,commons]"
palatable/lambda,"[mock,mocking,testing]"
mahmoudparsian/data-algorithms-book,"[ai,apache,collections,commons,graph,machine-learning,matching,spark,structures,testing,wiki]"
nysenate/OpenLegislation,"[apache,api,bridge,commons,framework,javax,logging,mail,matching,mvc,slf4j,specs,spring,standard,testing,web]"
commjoen/wrongsecrets,"[assets,bootstrap,web]"
harrywfl/JavaGuide,[encryption]
yandex-qatools/postgresql-embedded,"[matching,mock,mocking,spring,testing]"
Scout24/yum-repo-server,"[collections,date,framework,mock,mocking,mvc,security,spring,structures,testing,time,web]"
wkrzywiec/kanban-board,"[api,io,swagger,ui]"
seagull1985/LuckyFrameClient,"[collections,javax,mail,network,specs,ssh,standard,structures]"
arthurgregorio/web-budget,"[apache,api,commons,javax,mail,security,specs,standard]"
Frameworkium/frameworkium-core,"[annotations,apache,commons,github,io,json,metadata,testing,testng]"
oripa/oripa,"[mock,mocking,testing]"
zalando/tokens,"[apache,bridge,logging,mock,mocking,slf4j,testing]"
liquibase/liquibase-hibernate,"[hibernate,jpa,persistence,spring,testing]"
SonicCloudOrg/sonic-server-simple,"[github,spring,starter]"
adennie/fb-android-dagger,[compiler]
jiaqi/jmxterm,"[apache,commons,mock,mocking,testing]"
yuyufeng1994/KnowledgeLibrary,"[ai,apache,collections,framework,javax,machine-learning,mail,mvc,specs,spring,standard,structures,testing,web]"
pac4j/spring-webmvc-pac4j,"[framework,mvc,spring,web]"
eclipse/buildship,"[kotlin,testing]"
crossoverJie/distributed-redis-tool,"[api,framework,javax,mvc,servlet,specs,spring,standard,web]"
superhj1987/pragmatic-java-engineer,"[apache,cache,commons,date,framework,github,mvc,serialization,spring,time,web]"
st-tu-dresden/salespoint,"[junit,matching,testing]"
hazelcast/hazelcast-kubernetes,"[mock,mocking,testing]"
rcarz/jira-client,"[date,time]"
PapenfussLab/gridss,"[apache,commons]"
OWASP/SecurityShepherd,"[javax,junit,mail,matching,mock,mocking,specs,spring,standard,testing]"
flapdoodle-oss/de.flapdoodle.embed.process,"[apache,builder,commons]"
smola/galimatias,"[i18n,ibm]"
shekhargulati/99-problems,"[matching,testing]"
langhsu/mblog,"[apache,security,spring,starter,web]"
spring-attic/greenhouse,"[api,aws,date,framework,integration,javax,junit,mail,mock,mocking,mvc,persistence,s3,security,servlet,specs,spring,standard,testing,time,web]"
gaia-app/gaia,"[junit,testing]"
Progether/JAdventure,"[matching,testing]"
CategoricalData/CQL,"[apache,commons,generator,graph,parser]"
jenkinsci/docker-plugin,"[api,docker,jenkins,plugin]"
AmadeusITGroup/sonar-stash,"[mock,mocking,testing]"
airlift/aircompressor,[compression]
vert-x3/vertx-mqtt,"[client,eclipse,mock,mocking,plugin,testing]"
ywilkof/spark-jobs-rest-client,"[mock,mocking,testing]"
danieldk/dictomaton,"[apache,benchmark,commons,junit,performance,testing]"
bkiers/Liqp,"[annotations,json,metadata]"
maxcom/lorsource,"[annotations,apache,bridge,date,framework,json,logging,metadata,mock,mocking,mvc,security,slf4j,spring,testing,time,web]"
lintool/Cloud9,"[graph,html,parser,wiki]"
jpush/jpush-api-java-client,"[encryption,mock,mocking,testing]"
DependencyTrack/dependency-track,"[apache,build,build-system,maven,mock,mocking,model,testing]"
tennaito/rsql-jpa,"[hibernate,jpa,persistence]"
jenkinsci/scm-sync-configuration-plugin,"[build,build-system,google,jenkins,maven,plugin,provider,scm]"
apache/commons-logging,"[api,javax,servlet,specs,standard]"
Moocar/logback-gelf,"[mock,mocking,testing]"
AndreyVMarkelov/jira-prometheus-exporter,"[apache,commons]"
Antabot/White-Jotter,"[mock,mocking,testing]"
citerus/dddsample-core,"[collections,structures]"
bingoohuang/eql,"[apache,commons,config,date,framework,google,mvc,reflection,service,spring,testing,time,web]"
ant-media/Ant-Media-Server,"[amazon,aws,s3,sdk]"
tjitze/RankPL,[io]
radkovo/Pdf2Dom,"[matching,testing]"
Blackdread/sql-to-jdl,"[apache,commons,junit,testing]"
codedrinker/community,"[apache,commons]"
graphaware/neo4j-nlp,"[annotations,apache,commons,json,metadata]"
mzheravin/exchange-core,"[apache,api,collections,commons,eclipse,mock,mocking,structures,testing]"
OfficeDev/ews-java-api,"[apache,commons,date,matching,mock,mocking,testing,time]"
graphaware/graph-aided-search,"[api,javax,mail,specs,standard]"
srikanth-lingala/zip4j,"[mock,mocking,testing]"
dessalines/torrenttunes-client,"[apache,commons]"
AwakenCN/InChat,"[apache,commons]"
rayokota/kareldb,"[annotations,apache,commons,compiler,eclipse,io,jetty,json,metadata,mock,mocking,scala,server,testing,webserver]"
arloor/HttpProxy,"[annotations,apache,bridge,encryption,json,logging,metadata,slf4j]"
marschall/memoryfilesystem,"[junit,matching,testing]"
reachkrishnaraj/kafka-elasticsearch-standalone-consumer,"[codehaus,jvm,language]"
sih4sing5hong5/google-sites-liberation,"[date,mock,mocking,testing,time]"
r2dbc/r2dbc-pool,"[mock,mocking,testing]"
pircbotx/pircbotx,"[apache,commons,mock,mocking,testing]"
zenuo/gogo,"[apache,bridge,commons,logging,slf4j]"
sdaschner/jaxrs-analyzer,"[annotations,json,metadata,mock,mocking,testing]"
wmixvideo/nfe,"[apache,commons]"
RumbleDB/rumble,"[ai,apache,commons,date,machine-learning,serialization,spark,time]"
amihaiemil/docker-java-api,"[matching,testing]"
zhangpengpengpeng/PedestrianDetectionSystem,"[annotations,aop,aspect,framework,json,metadata,mvc,pooling,spring,testing,web]"
jboss-javassist/javassist,"[matching,testing]"
BentoBoxWorld/BentoBox,"[mock,mocking,testing]"
HarvardPL/formulog,"[apache,commons]"
megagao/IndoorPos,"[apache,commons]"
perfree/go-fastdfs-web,"[apache,commons,github,spring,starter]"
optimaize/language-detector,"[junit,testing]"
healenium/healenium-web,"[apache,build,build-system,commons,junit,maven,model,testing]"
mcMMO-Dev/mcMMO,"[json,mock,mocking,platform,serialization,testing,text]"
Novetta/CLAVIN,"[apache,commons,mock,mocking,testing]"
151376liujie/wechat-core,"[apache,commons,framework,mvc,spring,testing,web]"
apache/samza-hello-samza,"[apache,authentication,hadoop,rocksdb]"
AppsFlyer/donkey,"[clojure,json]"
commoncrawl/news-crawl,[crawler]
jcbvm/i18n-editor,"[apache,commons]"
rickfast/consul-client,"[annotations,apache,commons,json,metadata]"
git-commit-id/git-commit-id-maven-plugin,"[mock,mocking,testing]"
GlowstoneMC/Glowstone,"[apache,build,build-system,maven,model,native]"
scorego/WechatRobot,"[apache,commons]"
rbmonster/learning-note,"[apache,codehaus,commons,jvm,language]"
termd/termd,"[encryption,io,network,ssh,websocket]"
makersoft/mybatis-shards,"[spring,testing]"
j256/ormlite-core,"[api,javax,persistence,specs,standard]"
r2dbc/r2dbc-h2,"[mock,mocking,testing]"
dermotte/LIRE,"[ai,computer-vision,pattern]"
ralscha/extdirectspring,"[security,spring]"
dadoonet/legacy-search,"[annotations,json,metadata]"
six2six/fixture-factory,"[mock,mocking,testing]"
DimpleFeng/DimpleBlog,"[api,github,io,spring,starter,swagger,ui]"
braintree/braintree_java,"[mock,mocking,testing]"
vandeseer/easytable,"[mock,mocking,testing]"
yahoo/FEL,[wiki]
jenkinsci/pipeline-as-yaml-plugin,"[apache,commons]"
CogComp/talen,"[apache,commons]"
rowak/nanoleaf-desktop,"[layout,swing,ui]"
spotify/dns-java,"[mock,mocking,reflection,testing]"
obsidiandynamics/kafdrop,"[api,io,swagger]"
Devskiller/jfairy,"[apache,commons,reflection]"
malikzh/NCANode,"[apache,config,security]"
T-baby/MongoDB-Plugin,"[date,time]"
everwatchsolutions/json-data-generator,"[amazon,apache,aws,commons,sdk]"
jReddit/jReddit,"[mock,mocking,testing]"
etsy/statsd-jvm-profiler,"[mock,mocking,testing]"
mslosarz/nextrtc-signaling-server,"[apache,commons,matching,mock,mocking,spring,testing]"
aseldawy/spatialhadoop2,"[api,javax,mail,specs,standard]"
mweirauch/micrometer-jvm-extras,"[mock,mocking,testing]"
davidmoten/rxjava2-extras,"[mock,mocking,serialization,testing]"
Diabol/delivery-pipeline-plugin,"[analysis,annotations,apache,authentication,build,build-system,client,commons,date,defect,git,jenkins,jquery,matrix,maven,metadata,mock,mocking,network,plugin,reflection,scm,ssh,testing,time,workflow]"
201206030/fiction_house,"[github,spring,starter]"
gkopff/gson-jodatime-serialisers,"[date,kotlin,matching,testing,time]"
tuguangquan/mybatis,"[mock,mocking,testing]"
AppiumTestDistribution/AppiumTestDistribution,"[mock,mocking,testing]"
intuit/fuzzy-matcher,"[apache,commons]"
xvik/dropwizard-guicey,"[codehaus,groovy,io]"
ZHENFENG13/ssm-demo,"[collections,framework,mvc,spring,structures,testing,web]"
cantaloupe-project/cantaloupe,"[annotations,apache,codehaus,commons,eclipse,encryption,io,jetty,json,jvm,language,metadata,server,webserver]"
chucheng92/TinyMooc,"[aop,apache,api,aspect,collections,framework,index,javax,lucene,mail,memory,mvc,persistence,specs,spring,standard,structures,web]"
GeyserMC/MCProtocolLib,"[json,serialization,text]"
kanwangzjm/funiture,"[apache,collections,commons,date,framework,mail,mvc,spring,structures,testing,time,web]"
support-project/knowledge,"[api,diff,javax,mail,markdown,patch,specs,standard]"
Pay-Group/best-pay-sdk,"[apache,commons,date,encryption,time]"
googleapis/gapic-generator,"[cloud,google,messaging]"
HomeAdvisor/Kafdrop,"[api,builder,client,codehaus,groovy,http,io,module,swagger]"
aws/aws-encryption-sdk-java,"[apache,commons,matching,mock,mocking,testing]"
apache/commons-text,"[apache,commons]"
zendesk/maxwell,"[amazon,apache,aws,bridge,cloud,commons,export,google,io,jdbc,logging,matching,messaging,mock,mocking,pool,prometheus,sdk,slf4j,stats,testing]"
alibaba/easyexcel,[spring]
HashDataInc/bireme,"[apache,bridge,commons,logging,slf4j]"
QualInsight/qualinsight-plugins-sonarqube-badges,[sonar]
mirkosertic/MogwaiERDesignerNG,"[collections,structures]"
lennartkoopmann/nzyme,"[apache,bridge,client,date,io,logging,metrics,slf4j,syslog,time]"
bernardosulzbach/dungeon,"[apache,commons,date,matching,testing,time]"
jeevatkm/digitalocean-api-java,"[apache,commons]"
vaadin/dashboard-demo,"[client,compatibility,gwt,web-framework]"
horrorho/InflatableDonkey,"[annotations,apache,commons,encryption,json,metadata]"
mebigfatguy/fb-contrib,"[apache,collections,commons,mock,mocking,structures,testing]"
RuedigerMoeller/fast-serialization,"[encryption,reflection]"
mesos/hadoop,"[io,metrics]"
openanalytics/shinyproxy,"[io,websocket]"
stleary/JSON-java,"[mock,mocking,testing]"
yermak/AudioBookConverter,"[apache,commons]"
NightWhistler/HtmlSpanner,"[html,parser]"
rstoyanchev/spring-websocket-portfolio,"[apache,assets,bootstrap,bridge,logging,slf4j,web]"
authlete/java-oauth-server,[encryption]
FasterXML/jackson-dataformat-xml,"[streaming,xml]"
crate/elasticsearch-inout-plugin,"[language,python,runtime]"
digitalfondue/lavagna,"[annotations,apache,bridge,framework,javax,json,kotlin,logging,mail,metadata,mock,mocking,mvc,slf4j,specs,spring,standard,testing,web]"
abc9070410/JComicDownloader,[github]
ttddyy/datasource-proxy,"[aop,api,aspect,framework,javax,mock,mocking,mvc,servlet,specs,spring,standard,testing,web]"
jenkinsci/jira-plugin,"[apache,api,build,build-system,client,commons,maven,model,rest]"
BetonQuest/BetonQuest,"[apache,build,build-system,commons,maven,mock,mocking,model,platform,testing]"
tencentyun/cos-java-sdk-v5,"[date,encryption,time]"
rememberber/WePush,[github]
bergerhealer/BKCommonLib,"[mock,mocking,platform,testing]"
mybatis/redis-cache,[serialization]
actiontech/dble,"[apache,bridge,date,logging,mock,mocking,slf4j,testing,time]"
mcxiaoke/android-volley,"[mock,mocking,testing]"
iterate-ch/cyberduck,"[annotations,apache,api,bridge,client,collections,commons,cryptography,date,encryption,javax,json,logging,metadata,mock,mocking,native,openstack,sdk,servlet,slf4j,specs,standard,structures,testing,time]"
neuhalje/bouncy-gpg,[encryption]
featurecat/lizzie,"[client,io,socket]"
amazon-archives/dynamodb-janusgraph-storage-backend,"[apache,benchmark,collections,commons,junit,mock,mocking,performance,structures,testing]"
iotaledger/iri,"[apache,commons,config,encryption,io,mock,mocking,testing,websocket]"
lingfengsan/MillionHero,[sdk]
agoncal/agoncal-application-petstore-ee7,"[assets,bootstrap,web]"
mediathekview/MediathekView,"[apache,bridge,commons,layout,logging,mock,mocking,slf4j,swing,testing,ui]"
thymeleaf/thymeleafexamples-stsm,"[framework,mvc,spring,web]"
artsok/rerunner-jupiter,"[mock,mocking,testing]"
apache/commons-validator,"[collections,structures]"
Multibit-Legacy/multibit,"[date,time]"
jaeksoft/opensearchserver,"[apache,bridge,logging,slf4j]"
sd4324530/fastweixin,"[api,framework,javax,mvc,servlet,specs,spring,standard,web]"
jenkinsci/slack-plugin,"[apache,commons]"
groupon/DotCi,"[api,database,javax,mapping,matching,mock,mocking,mongodb,network,reflection,servlet,specs,ssh,standard,testing]"
spotify/async-google-pubsub-client,"[io,mock,mocking,reflection,testing]"
martinpaljak/ant-javacard,[github]
mirador/mirador,"[date,native,time]"
xu942122587/Java-Interview,"[apache,commons]"
zalando/zalenium,"[mock,mocking,testing]"
MichaelTamm/junit-toolbox,"[mock,mocking,testing]"
making/yavi,"[google,testing]"
pranab/sifarish,"[apache,commons]"
liuweiran900217/CloudCrypto,"[encryption,sdk]"
aerogear/keycloak-metrics-spi,"[interface,server]"
bastillion-io/Bastillion-EC2,"[amazon,aws,sdk]"
eugener/oxbow,"[layout,swing,ui]"
allegro/grunt-maven-plugin,"[mock,mocking,testing]"
gsh199449/spider,"[annotations,apache,bridge,commons,json,logging,metadata,slf4j]"
raykrueger/hibernate-memcached,"[annotations,hibernate,metadata,persistence]"
aliyun/aliyun-oss-java-sdk,[encryption]
ps3mediaserver/ps3mediaserver,"[apache,collections,commons,structures]"
kiooeht/ModTheSpire,"[apache,commons]"
datafaker-net/datafaker,"[apache,commons,mock,mocking,testing]"
ChestShop-authors/ChestShop-3,"[api,javax,persistence,platform,specs,standard]"
apache/logging-log4j1,"[javax,mail,specs,standard]"
wangweiX/blockchain-java,"[apache,commons,encryption,serialization]"
cloudbees-oss/zendesk-java-client,"[matching,testing]"
bfwg/springboot-jwt-starter,"[assets,bootstrap,date,time,web]"
lyrric/seckill,"[apache,commons]"
sealedtx/java-youtube-downloader,"[mock,mocking,testing]"
apache/commons-configuration,"[apache,api,commons,javax,servlet,specs,spring,standard,testing]"
davidmoten/rxjava-extras,"[mock,mocking,serialization,testing]"
openkm/document-management-system,"[apache,collections,encoder,framework,i18n,ibm,mvc,security,spring,structures,web]"
naver/lucy-xss-servlet-filter,"[apache,api,commons,javax,servlet,specs,spring,standard,testing]"
binarywang/weixin-java-mp-demo-springmvc,"[apache,commons,framework,mvc,security,spring,web]"
cheese10yun/spring-jpa-best-practices,"[api,io,swagger,ui]"
j256/ormlite-jdbc,"[api,date,javax,persistence,specs,standard,time]"
norecha/pokubot,"[apache,build,build-system,commons,maven,model]"
s7/scale7-pelops,"[collections,date,github,library,mock,mocking,pooling,structures,testing,time]"
jobrunr/jobrunr,"[junit,testing]"
armenak/DataDefender,"[apache,bridge,commons,github,logging,mock,mocking,slf4j,testing]"
ronmamo/reflections,"[api,javax,servlet,specs,standard]"
awslabs/amazon-kinesis-scaling-utils,"[amazon,annotations,apache,aws,commons,date,json,metadata,metrics,monitoring,time]"
carrotsearch/smartsprites,"[apache,commons]"
swri-robotics/bag-database,"[apache,embedded,geo,hibernate,jpa,mock,mocking,persistence,server,spring,testing,tomcat,webserver,yaml]"
numenta/htm.java,"[annotations,date,json,metadata,time]"
latexdraw/latexdraw,"[junit,testing]"
alenfive/rocket-api,"[codehaus,groovy,io]"
gitblit/iciql,[pooling]
google/j2objc,"[mock,mocking,testing]"
spring-projects/spring-retry,"[mock,mocking,testing]"
HiveRunner/HiveRunner,"[annotations,apache,hadoop,jdbc,json,mapreduce,matching,metadata,mock,mocking,parallel,sql,testing]"
apache/parquet-mr,"[annotations,apache,benchmark,commons,compiler,date,extension,google,json,junit,metadata,mock,mocking,parser,performance,pooling,protocol,runtime,testing,time]"
AgNO3/jcifs-ng,"[encryption,mock,mocking,testing]"
TopQuadrant/shacl,"[apache,bridge,logging,slf4j]"
RWTH-i5-IDSG/steve,"[annotations,apache,date,eclipse,jetty,json,logging,metadata,server,time,webserver]"
nekoteaparty/Alice-LiveMan,"[collections,network,sdk,ssh,structures]"
SafeGroceryStore/MDUT,[markdown]
KittehOrg/KittehIRCClientLib,"[mock,mocking,testing]"
opendatalab-de/geojson-jackson,"[annotations,json,metadata,mock,mocking,testing]"
HolgerHees/cloudsync,"[apache,commons,encryption]"
hpgrahsl/kafka-connect-mongodb,"[apache,commons,junit,matching,mock,mocking,testing,yaml]"
jhonnymertz/java-wkhtmltopdf-wrapper,"[apache,commons,mock,mocking,testing]"
sqlite-sync/SQLite-sync.com,"[annotations,json,metadata]"
jenkinsci/pipeline-aws-plugin,"[jenkins,plugin,reflection,workflow]"
crossoverJie/JCSprout,"[apache,commons]"
JMCuixy/swagger2word,"[api,io,swagger,ui]"
xtuhcy/gecco,"[apache,commons]"
mongojack/mongojack,"[junit,matching,testing]"
uartois/sonar-golang,"[apache,commons,mock,mocking,testing]"
paul-hammant/ngWebDriver,"[matching,testing]"
grishka/Smithereen,"[javax,mail,specs,standard]"
jenkinsci/ec2-plugin,"[annotations,date,json,metadata,time]"
stefanbirkner/system-rules,"[junit,mock,mocking,testing]"
Netflix/curator,"[mock,mocking,testing]"
imadcn/idworker,"[spring,testing]"
davidmoten/rtree,"[mock,mocking,serialization,testing]"
spotify/docker-client,"[date,mock,mocking,testing,time]"
pxlsspace/Pxls,"[apache,commons]"
perye/dokit,"[api,io,javax,mail,network,specs,ssh,standard,swagger,ui]"
lettuce-io/lettuce-core,"[apache,commons,mock,mocking,testing]"
rafaelsteil/jforum3,"[annotations,collections,framework,hibernate,html,metadata,mock,mocking,mvc,parser,persistence,spring,structures,testing,web]"
Scrin/RuuviCollector,"[apache,commons]"
mircokroon/minecraft-world-downloader,"[apache,commons,mock,mocking,testing]"
apache/commons-io,"[apache,commons]"
youzan/bugCatcher,"[api,framework,javax,mvc,security,servlet,specs,spring,standard,testing,web]"
opennars/opennars,"[apache,commons]"
wildfirechat/im-app_server,"[apache,bridge,logging,slf4j]"
timols/java-gitlab-api,"[apache,bridge,logging,matching,mock,mocking,slf4j,testing]"
tordanik/OSM2World,[native]
dice-group/FOX,"[annotations,apache,commons,json,metadata]"
rnewson/couchdb-lucene,"[matching,testing]"
majusko/pulsar-java-spring-boot-starter,"[junit,testing]"
abel533/guns,"[apache,api,commons,github,io,spring,starter,swagger,ui]"
kongchen/swagger-maven-plugin,"[apache,api,build,build-system,commons,io,jaxrs,maven,mock,mocking,model,rest,swagger,testing]"
apache/commons-collections,"[apache,commons]"
brettwooldridge/HikariCP,"[mock,mocking,testing]"
yegor256/rultor,"[amazon,apache,aws,build,build-system,javax,mail,maven,model,s3,sdk,specs,standard]"
stateless4j/stateless4j,"[mock,mocking,testing]"
cryptomator/cryptomator,"[apache,commons,mock,mocking,testing]"
jenkinsci/remoting,"[encryption,mock,mocking,testing]"
jcabi/jcabi-ssh,"[network,ssh]"
Naccl/NBlog,"[github,spring,starter]"
xerial/sqlite-jdbc,"[matching,mock,mocking,testing]"
dernasherbrezon/r2cloud,"[mock,mocking,testing]"
corona-warn-app/cwa-verification-server,"[security,spring]"
synyx/urlaubsverwaltung,"[apache,commons,database,junit,mail,mysql,testing]"
javadelight/delight-nashorn-sandbox,"[assets,web]"
johrstrom/jmeter-prometheus-plugin,"[apache,load,metrics,performance,testing]"
yaphone/itchat4j,"[apache,commons]"
urbanairship/datacube,"[date,io,metrics,mock,mocking,testing,time]"
mp911de/logstash-gelf,"[mock,mocking,testing]"
bulldog2011/luxun,"[collections,structures]"
Password4j/password4j,"[apache,commons]"
ajanata/PretendYoureXyzzy,"[apache,commons]"
hekailiang/squirrel,"[apache,commons,expression,language,matching,testing]"
jenkinsci/amazon-ecs-plugin,"[mock,mocking,testing]"
ngbdf/redis-manager,"[github,javax,mail,specs,spring,standard,starter]"
itext/i7j-pdfhtml,[forms]
IBM/janusgraph-utils,"[apache,commons,github]"
bguerout/jongo,"[annotations,json,metadata]"
microsoft/Availability-Monitor-for-Kafka,"[apache,commons]"
zzzzbw/Fame,"[api,io,swagger]"
eivindveg/HotSUploader,"[amazon,aws,s3,sdk]"
Samuel-Oliveira/Java_NFe,[config]
OpenPojo/openpojo,"[matching,testing]"
isa-group/RESTest,"[apache,commons,logging,mock,mocking,testing]"
ameizi/maven-framework-project,"[api,date,framework,hibernate,javax,jpa,mvc,persistence,security,servlet,specs,spring,standard,testing,time,web,web-framework,webservice]"
mirkosertic/FXDesktopSearch,"[apache,commons]"
sanity/quickml,"[date,time]"
EOSEssentials/eos-java-rpc-wrapper,"[apache,commons]"
square/javapoet,"[google,mock,mocking,testing]"
ata4/bspsrc,"[apache,commons]"
mybatis/spring,"[batch,mock,mocking,spring,testing]"
mirromutth/r2dbc-mysql,"[mock,mocking,testing]"
idealo/mongodb-slow-operations-profiler,"[api,javax,servlet,specs,standard]"
okhelperTeam/okhelper-service,"[api,github,io,spring,starter,swagger]"
ShifuML/shifu,"[apache,collections,commons,compiler,date,parser,runtime,structures,time]"
thymeleaf/thymeleafexamples-springmail,"[framework,javax,mail,mvc,specs,spring,standard,web]"
X1192176811/blog,"[github,spring,starter]"
perf4j/perf4j,"[api,javax,servlet,specs,standard]"
jenkinsci/github-plugin,"[apache,commons,mock,mocking,testing]"
metersphere/jenkins-plugin,"[apache,commons]"
spotify/trickle,"[mock,mocking,testing]"
jenkinsci/subversion-plugin,"[scm,subversion,svn,version-control]"
beehive-lab/TornadoVM,"[apache,commons]"
jesperfj/force-rest-api,"[api,date,eclipse,javax,jetty,server,servlet,specs,standard,time,webserver]"
lyogavin/Pistachio,"[i18n,ibm]"
648540858/wvp-GB28181-pro,"[github,spring,starter]"
zalando/jackson-datatype-money,"[mock,mocking,testing]"
xzping/jnu_forum,"[github,spring,starter]"
Omertron/api-themoviedb,"[annotations,apache,commons,json,metadata]"
Zephery/newblog,"[collections,date,github,sdk,spring,starter,structures,time]"
GrammarViz2/grammarviz2_src,"[layout,swing,ui]"
networknt/json-schema-validator,"[apache,commons,mock,mocking,testing]"
yuantiku/ytk-learn,"[apache,commons,language,python,runtime,serialization]"
red6/pdfcompare,"[mock,mocking,testing]"
michael-simons/biking2,"[assets,bootstrap,web,websocket]"
buremba/netty-rest,"[api,io,swagger]"
jmxtrans/jmxtrans-agent,"[date,matching,testing,time]"
usb4java/usb4java,"[apache,commons]"
Wechat-Group/weixin-java-demo-springmvc,"[collections,framework,mvc,spring,structures,testing,web]"
jenkins-infra/update-center2,"[apache,commons,io,jenkins,library,logging,mock,mocking,support,testing]"
RepreZen/KaiZen-OpenApi-Parser,"[apache,api,commons,javax,mail,specs,standard]"
vmi/selenese-runner-java,"[apache,commons,diff,matching,patch,testing]"
mauricioaniche/ck,"[apache,commons]"
RediSearch/JRediSearch,"[apache,bridge,logging,slf4j]"
roskenet/springboot-javafx-support,"[junit,spring,testing]"
zeroturnaround/zt-process-killer,"[apache,commons]"
OWASP-Benchmark/BenchmarkJava,"[apache,directory,encryption,framework,hibernate,jpa,ldap,manager,mvc,persistence,schema,spring,web]"
leonchen83/redis-replicator,"[apache,bridge,logging,slf4j]"
vitalidze/chromecast-java-api-v2,"[annotations,json,metadata]"
hapifhir/hapi-fhir-jpaserver-starter,"[assets,bootstrap,config,spring,web]"
jenkinsci/github-branch-source-plugin,"[apache,commons]"
hsiafan/requests,"[annotations,json,metadata]"
allanzhuo/yyblog,"[apache,api,commons,github,io,spring,starter,swagger,ui]"
ilmila/J2EEScan,"[apache,collections,commons,structures]"
chhsiao90/nitmproxy,"[mock,mocking,testing]"
STAMP-project/pitest-descartes,"[matching,testing]"
bramp/ffmpeg-cli-wrapper,"[apache,commons,http,mock,mocking,server,testing]"
smart-doc-group/smart-doc-example-cn,"[github,spring,starter]"
tumblr/jumblr,"[apache,commons]"
isopropylcyanide/Jwt-Spring-Security-JPA,"[api,io,swagger,ui]"
gresrun/jesque,"[matching,testing]"
sunchenbin/A.CTable-Frame,"[api,javax,persistence,specs,standard]"
k55k32/cms-admin-end,"[apache,commons,javax,mail,specs,standard]"
welovecoding/editorconfig-netbeans,"[api,editor,ide,module,netbeans]"
psidnell/ofexport2,"[spring,testing]"
apache/commons-compress,"[apache,commons,mock,mocking,testing]"
confluentinc/kafka-connect-elasticsearch,"[github,matching,testing]"
jkxqj/KingIM,"[annotations,framework,json,metadata,mvc,spring,testing,web]"
bennidi/mbassador,"[interface,mock,mocking,testing]"
neuland/jade4j,"[apache,collections,commons,matching,structures,testing]"
itext/rups,[encryption]
zeroturnaround/zt-exec,"[apache,commons]"
mtedone/podam,"[apache,api,bridge,commons,javax,junit,logging,persistence,slf4j,specs,spring,standard,testing]"
zalando/faux-pas,"[google,mock,mocking,testing]"
sachin-handiekar/jInstagram,"[apache,commons,mock,mocking,testing]"
megagao/production_ssm,"[apache,api,commons,date,framework,javax,mvc,servlet,specs,spring,standard,time,web]"
socialsensor/graphdb-benchmarks,"[apache,collections,commons,compiler,compression,date,github,library,parser,runtime,structures,time]"
spring-projects/spring-data-elasticsearch,[github]
google/binnavi,"[language,python,runtime]"
confluentinc/kafka-connect-hdfs,"[apache,bridge,collections,logging,slf4j,structures]"
JoyChou93/java-sec-code,"[api,collections,io,structures,swagger,ui]"
timveil/hive-jdbc-uber-jar,"[apache,hadoop,jdbc,sql]"
NationalSecurityAgency/emissary,"[annotations,assets,bootstrap,cache,client,eclipse,io,jetty,json,junit,matching,metadata,metrics,mock,mocking,server,testing,web,webserver]"
rieckpil/testing-spring-boot-applications-masterclass,"[apache,api,commons,dns,github,io,javax,mock,mocking,native,netty,network,servlet,socket,specs,standard,testing]"
maxmind/GeoIP2-java,"[annotations,json,metadata]"
